Leg,Site,Hole,Core,type,section,"top, cm","bottom,cm",mbsf,mcd,rmcd,d13C,d18O,age DT14
208,1267,A,30,X,5,92,93,280.62,313.63,313.47,2.018,0.384,64.7852963
208,1267,A,30,X,5,95,96,280.65,313.66,313.5,2.024,-0.073,64.79068519
208,1267,A,30,X,5,98,99,280.68,313.69,313.53,2.112,0.107,64.79607407
208,1267,A,30,X,5,101,102,280.71,313.72,313.56,2.072,-0.034,64.80146296
208,1267,A,30,X,5,104,105,280.74,313.75,313.59,2.01,0.153,64.80685185
208,1267,A,30,X,5,107,108,280.77,313.78,313.62,2.142,-0.01,64.81224074
208,1267,A,30,X,5,110,111,280.8,313.81,313.65,2.129,0.015,64.81762963
208,1267,A,30,X,5,113,114,280.83,313.84,313.68,2.22,-0.088,64.82301852
208,1267,A,30,X,5,116,117,280.86,313.87,313.71,2.167,-0.07,64.82840741
208,1267,A,30,X,5,119,120,280.89,313.9,313.74,2.121,-0.206,64.83494118
208,1267,A,30,X,5,122,123,280.92,313.93,313.77,2.109,-0.225,64.84376471
208,1267,A,30,X,5,125,126,280.95,313.96,313.8,2.066,-0.307,64.85258824
208,1267,A,30,X,5,128,129,280.98,313.99,313.83,2.05,-0.331,64.86141176
208,1267,A,30,X,5,131,132,281.01,314.02,313.86,1.994,-0.466,64.87023529
208,1267,A,30,X,5,134,135,281.04,314.05,313.89,,-0.418,64.87905882
208,1267,A,30,X,5,137,138,281.07,314.08,313.92,1.861,-0.538,64.88788235
208,1267,A,30,X,5,140,141,281.1,314.11,313.95,1.853,-0.566,64.89670588
208,1267,A,30,X,5,143,144,281.13,314.14,313.98,1.858,-0.541,64.90552941
208,1267,A,30,X,5,146,147,281.16,314.17,314.01,1.795,-0.394,64.91435294
208,1267,A,30,X,5,149,150,281.19,314.2,314.04,1.635,-0.525,64.92317647
208,1267,A,30,X,6,1,2,281.21,314.22,314.06,1.67,-0.7,64.92905882
208,1267,A,30,X,6,1,2,281.21,314.22,314.06,1.791,-0.526,64.92905882
208,1267,A,30,X,6,4,5,281.24,314.25,314.09,1.854,-0.308,64.93612
208,1267,A,30,X,6,7,8,281.27,314.28,314.12,1.884,-0.387,64.9423
208,1267,A,30,X,6,10,11,281.3,314.31,314.15,1.896,-0.303,64.94848
208,1267,A,30,X,6,13,14,281.33,314.34,314.18,2.018,-0.215,64.95466
208,1267,A,30,X,6,16,17,281.36,314.37,314.21,2.001,-0.175,64.96084
208,1267,A,30,X,6,19,20,281.39,314.4,314.24,2.045,-0.27,64.96702
208,1267,A,30,X,6,22,23,281.42,314.43,314.27,2.081,-0.117,64.9732
208,1267,A,30,X,6,25,26,281.45,314.46,314.3,2.023,-0.284,64.97938
208,1267,A,30,X,6,25,26,281.45,314.46,314.3,2.081,-0.217,64.97938
208,1267,A,30,X,6,28,29,281.48,314.49,314.33,2.107,-0.287,64.98556
208,1267,A,30,X,6,31,32,281.51,314.52,314.36,1.998,-0.107,64.99174
208,1267,A,30,x,6,32,34,281.52,314.53,314.37,2.076,-0.248,64.9938
208,1267,A,30,X,6,36,37,281.56,314.57,314.41,2.063,-0.089,65.00204
208,1267,A,30,X,6,39,40,281.59,314.6,314.44,2.047,-0.195,65.00822
208,1267,A,30,X,6,42,43,281.62,314.63,314.47,2.053,-0.261,65.0144
208,1267,A,30,X,6,45,46,281.65,314.66,314.5,2.032,-0.022,65.02058
208,1267,A,30,X,6,48,50,281.68,314.69,314.53,2.011,0.129,65.02676
208,1267,A,30,X,6,52,53,281.72,314.73,314.57,1.953,-0.018,65.035
208,1267,A,30,X,6,55,56,281.75,314.76,314.6,2.104,-0.067,65.0386375
208,1267,A,30,X,6,58,60,281.78,314.79,314.63,2.074,-0.126,65.042275
208,1267,A,30,X,6,62,63,281.82,314.83,314.67,2.106,-0.092,65.047125
208,1267,A,30,X,6,65,66,281.85,314.86,314.7,2.107,-0.152,65.0507625
208,1267,A,30,X,6,68,70,281.88,314.89,314.73,2.097,-0.206,65.0544
208,1267,A,30,X,6,72,74,281.92,314.93,314.77,2.081,-0.083,65.05925
208,1267,A,30,X,6,76,77,281.96,314.97,314.81,2.021,-0.271,65.0641
208,1267,A,30,X,6,79,80,281.99,315,314.84,2.137,-0.191,65.0677375
208,1267,A,30,X,6,82,83,282.02,315.03,314.87,2.146,-0.274,65.071375
208,1267,A,30,X,6,85,86,282.05,315.06,314.9,2.104,-0.237,65.0750125
208,1267,A,30,X,6,88,89.5,282.08,315.09,314.93,2.061,0.162,65.07865
208,1267,A,30,X,6,92,94,282.12,315.13,314.97,2.106,-0.305,65.0835
208,1267,A,30,X,6,96,97,282.16,315.17,315.01,2.143,-0.201,65.08835
208,1267,A,30,X,6,99,100,282.19,315.2,315.04,2.154,-0.298,65.0919875
208,1267,A,30,X,6,102,103,282.22,315.23,315.07,2.049,-0.394,65.095625
208,1267,A,30,X,6,105,107,282.25,315.26,315.1,1.908,-0.209,65.0992625
208,1267,A,30,X,6,105,107,282.25,315.26,315.1,1.819,-0.281,65.0992625
208,1267,A,30,X,6,110,111,282.3,315.31,315.15,2.04,-0.33,65.105325
208,1267,A,30,X,6,113,114,282.33,315.34,315.18,1.999,-0.136,65.1089625
208,1267,A,30,X,6,116,117,282.36,315.37,315.21,2.22,-0.109,65.1126
208,1267,A,30,X,6,119,120,282.39,315.4,315.24,2.294,-0.086,65.1162375
208,1267,A,30,X,6,122,123,282.42,315.43,315.27,2.442,-0.034,65.119875
208,1267,A,30,X,6,125,126,282.45,315.46,315.3,1.976,-0.244,65.1235125
208,1267,A,30,X,6,128,129,282.48,315.49,315.33,1.63,-0.36,65.12715
208,1267,A,30,X,6,131,132,282.51,315.52,315.36,1.622,-0.443,65.1307875
208,1267,A,30,X,6,134,135,282.54,315.55,315.39,1.726,-0.455,65.13458333
208,1267,A,30,X,6,134,135,282.54,315.55,315.39,1.658,-0.462,65.13458333
208,1267,A,30,X,6,137,139,282.57,315.58,315.42,1.937,-0.468,65.13845833
208,1267,A,30,X,6,141,142,282.61,315.62,315.46,1.715,-0.316,65.143625
208,1267,A,30,X,6,144,145,282.64,315.65,315.49,1.747,-0.442,65.1475
208,1267,A,30,X,6,147,148,282.67,315.68,315.52,1.416,0.118,65.151375
208,1267,A,30,X,7,0,1,282.7,315.71,315.55,1.978,-0.428,65.15525
208,1267,A,30,X,7,3,4,282.73,315.74,315.58,1.986,-0.43,65.159125
208,1267,A,30,X,7,6,7,282.76,315.77,315.61,1.809,-0.487,65.163
208,1267,A,30,X,7,9,10,282.79,315.8,315.64,1.936,-0.372,65.166875
208,1267,A,30,X,7,14,15,282.84,315.85,315.69,1.843,-0.355,65.17333333
208,1267,A,30,X,7,17,18,282.87,315.88,315.72,1.831,-0.339,65.17720833
208,1267,A,30,X,7,20,22,282.9,315.91,315.75,1.933,-0.488,65.18108333
208,1267,A,30,X,7,25,26,282.95,315.96,315.8,1.675,-0.481,65.18754167
208,1267,B,32,X,1,47,48,281.47,316.07,315.82,1.628,-0.443,65.190125
208,1267,A,30,X,7,28,29,282.98,315.99,315.83,1.718,-0.422,65.19141667
208,1267,B,32,X,1,50,52,281.5,316.1,315.85,1.553,-0.434,65.194
208,1267,A,30,X,7,31,32,283.01,316.02,315.86,1.589,-0.484,65.19529167
208,1267,A,30,X,7,32,34,283.02,316.03,315.87,1.506,-0.924,65.19658333
208,1267,B,32,X,1,54,55,281.54,316.14,315.89,1.584,-0.479,65.19916667
208,1267,A,30,X,7,35,36,283.05,316.06,315.9,1.667,-0.429,65.20045833
208,1267,B,32,X,1,55,56,281.55,316.15,315.9,1.632,-0.42,65.20045833
208,1267,B,32,X,1,58,59,281.58,316.18,315.93,1.792,-0.433,65.20433333
208,1267,B,32,X,1,61,62,281.61,316.21,315.96,1.772,-0.461,65.20820833
208,1267,B,32,X,1,64,65,281.64,316.24,315.99,1.344,-0.35,65.21208333
208,1267,B,32,X,1,67,68,281.67,316.27,316.02,1.445,-0.319,65.21595833
208,1267,B,32,X,1,71,72,281.71,316.31,316.06,1.212,0.009,65.221125
208,1267,B,32,X,1,74,75,281.74,316.34,316.09,1.705,-0.676,65.225
208,1267,B,32,X,1,77,78,281.77,316.37,316.12,0.971,0.079,65.23918182
208,1267,B,32,X,1,80,81,281.8,316.4,316.15,1.727,-0.454,65.25336364
208,1267,B,32,X,1,80,81,281.8,316.4,316.15,,,65.25336364
208,1267,B,32,X,1,84,86,281.84,316.44,316.19,1.73,-0.332,65.27227273
208,1267,B,32,X,1,88,89,281.88,316.48,316.23,1.061,0.514,65.29118182
208,1267,B,32,X,1,91,92,281.91,316.51,316.26,1.484,-0.053,65.30536364
208,1267,B,32,X,1,94,95,281.97,316.57,316.32,0.968,-0.147,65.330875
208,1267,B,32,X,1,94,95,281.97,316.57,316.32,,,65.330875
208,1267,B,32,X,1,97,99,282,316.6,316.35,0.874,-0.313,65.3365
208,1267,B,32,X,1,97,99,282,316.6,316.35,,-0.38,65.3365
208,1267,B,32,X,1,102,103,282.02,316.62,316.37,,,65.34025
208,1267,B,32,X,1,102,103,282.02,316.62,316.37,0.922,-0.478,65.34025
208,1267,B,32,X,1,105,106,282.05,316.65,316.4,1.478,-0.377,65.345875
208,1267,B,32,X,1,107.8,108.5,282.08,316.68,316.43,1.33,-0.299,65.3515
208,1267,B,32,X,1,111,112,282.11,316.71,316.46,1.503,-0.333,65.357125
208,1267,B,32,X,1,111,112,282.11,316.71,316.46,1.299,-0.142,65.357125
208,1267,B,32,X,1,116,117,282.16,316.76,316.51,1.561,-0.065,65.3665
208,1267,B,32,X,1,119,120,282.19,316.79,316.54,1.526,-0.022,65.372125
208,1267,B,32,X,1,122,123,282.22,316.82,316.57,1.561,-0.256,65.37775
208,1267,B,32,X,1,125,126,282.25,316.85,316.6,1.532,-0.164,65.383375
208,1267,B,32,X,1,128,130,282.28,316.88,316.63,1.516,-0.213,65.389
208,1267,B,32,X,1,133,134,282.33,316.93,316.68,1.545,-0.402,65.398375
208,1267,B,32,X,1,136,137,282.36,316.96,316.71,1.507,-0.306,65.404
208,1267,B,32,X,1,139,140,282.39,316.99,316.74,1.396,-0.146,65.409625
208,1267,B,32,X,1,142,143,282.42,317.02,316.77,1.492,-0.198,65.41525
208,1267,B,32,X,1,145,146,282.45,317.05,316.8,1.3,-0.15,65.420875
208,1267,B,32,X,1,145,146,282.45,317.05,316.8,1.271,-0.689,65.420875
208,1267,B,32,X,1,149.1,150.4,282.5,317.1,316.85,0.848,-0.21,65.43025
208,1267,B,32,X,1,149.1,150.4,282.5,317.1,316.85,,,65.43025
208,1267,B,32,X,2,0,1,282.5,317.1,316.85,,,65.43025
208,1267,B,32,X,2,0,1,282.5,317.1,316.85,1.391,-0.053,65.43025
208,1267,B,32,X,2,0,1,282.5,317.1,316.85,,,65.43025
208,1267,B,32,X,2,3,4,282.53,317.13,316.88,1.294,0.183,65.43586
208,1267,B,32,X,2,3,4,282.53,317.13,316.88,0.892,-0.374,65.43586
208,1267,B,32,X,2,3,4,282.53,317.13,316.88,,,65.43586
208,1267,B,32,X,2,6,7,282.56,317.16,316.91,1.199,-0.455,65.44144
208,1267,B,32,X,2,6,7,282.56,317.16,316.91,1.324,-0.547,65.44144
208,1267,B,32,X,2,9,10,282.59,317.19,316.94,1.418,-0.477,65.44702
208,1267,B,32,X,2,12,13,282.62,317.22,316.97,1.483,-0.474,65.4526
208,1267,B,32,X,2,15,16,282.65,317.25,317,1.33,-0.353,65.45818
208,1267,B,32,X,2,18,19,282.68,317.28,317.03,1.508,-0.345,65.46376
208,1267,B,32,X,2,21,22,282.71,317.31,317.06,1.439,-0.324,65.46934
208,1267,B,32,X,2,25,26,282.75,317.35,317.1,1.484,-0.154,65.47678
208,1267,B,32,X,2,28,29,282.78,317.38,317.13,1.556,-0.145,65.48236
208,1267,B,32,X,2,31,32,282.81,317.41,317.16,1.552,-0.066,65.48794
208,1267,B,32,X,2,31,32,282.81,317.41,317.16,1.396,0.104,65.48794
208,1267,B,32,X,2,34,35,282.84,317.44,317.19,1.565,-0.038,65.49352
208,1267,B,32,X,2,37,38,282.87,317.47,317.22,1.578,-0.048,65.4991
208,1267,B,32,X,2,42,43,282.92,317.52,317.27,1.646,0.085,65.5084
208,1267,B,32,X,2,45,46,282.95,317.55,317.3,1.567,-0.115,65.51398
208,1267,B,32,X,2,48,49,282.98,317.58,317.33,1.568,0.003,65.51956
208,1267,B,32,X,2,52,53,283.02,317.62,317.37,1.542,-0.011,65.527
208,1267,B,32,X,2,55,56,283.05,317.65,317.4,1.708,0.102,65.53284211
208,1267,B,32,X,2,58,60,283.08,317.68,317.43,1.555,0.253,65.53868421
208,1267,B,32,X,2,63,64,283.13,317.73,317.48,1.596,0.262,65.54842105
208,1267,B,32,X,2,63,64,283.13,317.73,317.48,1.587,0.143,65.54842105
208,1267,B,32,X,2,66,67,283.16,317.76,317.51,1.385,0.186,65.55426316
208,1267,B,32,X,2,69,70,283.19,317.79,317.54,1.48,0.077,65.56010526
208,1267,B,32,X,2,72,73,283.22,317.82,317.57,1.228,0.147,65.56594737
208,1267,B,32,X,2,75,76,283.25,317.85,317.6,1.529,0.046,65.57178947
208,1267,B,32,X,2,76,77,283.26,317.86,317.61,1.472,0.07,65.57373684
208,1267,B,32,X,2,79,80,283.29,317.89,317.64,1.256,-0.004,65.57957895
208,1267,B,32,X,2,82,83,283.32,317.92,317.67,1.197,0.08,65.58542105
208,1267,B,32,X,2,83,84,283.33,317.93,317.68,1.338,0.147,65.58736842
208,1267,B,32,X,2,86,87,283.36,317.96,317.71,1.191,0.041,65.59321053
208,1267,B,32,X,2,86,87,283.36,317.96,317.71,0.933,-0.073,65.59321053
208,1267,B,32,X,2,90,91,283.4,318,317.75,1.24,-0.054,65.601
208,1267,B,32,X,2,93,94,283.43,318.03,317.78,1.153,0.049,65.60648276
208,1267,B,32,X,2,96,97,283.43,318.03,317.78,1.389,-0.194,65.60648276
208,1267,B,32,X,2,100,102,283.5,318.1,317.85,1.355,-0.322,65.61927586
208,1267,B,32,X,2,104,105,283.54,318.14,317.89,1.371,-0.155,65.62658621
208,1267,B,32,X,2,107,108,283.57,318.17,317.92,1.481,0.029,65.63206897
208,1267,B,32,X,2,111,113,283.61,318.21,317.96,1.472,-0.322,65.63937931
208,1267,A,31,X,1,32,34,283.62,318.27,317.97,1.55,-0.05,65.6412069
208,1267,B,32,X,2,115,116,283.65,318.25,318,1.454,-0.108,65.64668966
208,1267,B,32,X,2,118,119,283.68,318.28,318.03,1.46,-0.115,65.65217241
208,1267,B,32,X,2,123,124,283.73,318.33,318.08,1.342,-0.066,65.66131034
208,1267,B,32,X,2,126,127,283.76,318.36,318.11,1.15,-0.149,65.6667931
208,1267,B,32,X,2,130,132,283.8,318.4,318.15,0.917,-0.062,65.67410345
208,1267,B,32,X,2,134,135,283.84,318.44,318.19,0.984,-0.073,65.68141379
208,1267,B,32,X,2,137,138,283.87,318.47,318.22,0.797,-0.131,65.68689655
208,1267,B,32,X,2,141,143,283.91,318.51,318.26,0.605,-0.183,65.6942069
208,1267,B,32,X,2,141,143,283.91,318.51,318.26,,,65.6942069
208,1267,B,32,X,2,145,146,283.95,318.55,318.3,0.804,-0.33,65.70151724
208,1267,B,32,X,2,145,146,283.95,318.55,318.3,,,65.70151724
208,1267,B,32,X,2,148,149,283.98,318.58,318.33,,-0.312,65.707
208,1267,B,32,X,2,148,149,283.98,318.58,318.33,,-0.202,65.707
208,1267,B,32,X,3,0,1,284,318.6,318.35,,,65.71507692
208,1267,B,32,X,3,0,1,284,318.6,318.35,0.657,-0.516,65.71507692
208,1267,B,32,X,3,0,1,284,318.6,318.35,0.832,-0.313,65.71507692
208,1267,B,32,X,3,3,4,284.03,318.63,318.38,0.988,-0.367,65.72719231
208,1267,B,32,X,3,3,4,284.03,318.63,318.38,1.064,-0.25,65.72719231
208,1267,B,32,X,3,6,7,284.06,318.66,318.41,0.999,-0.383,65.73930769
208,1267,B,32,X,3,6,7,284.06,318.66,318.41,1.1,-0.46,65.73930769
208,1267,B,32,X,3,9,11,284.09,318.69,318.44,0.998,-0.401,65.75142308
208,1267,B,32,X,3,9,11,284.09,318.69,318.44,1.075,-0.265,65.75142308
208,1267,B,32,X,3,13,14,284.13,318.73,318.48,0.855,-0.45,65.76757692
208,1267,B,32,X,3,13,14,284.13,318.73,318.48,0.816,-0.346,65.76757692
208,1267,B,32,X,3,16,17,284.16,318.76,318.51,0.681,-0.115,65.77969231
208,1267,B,32,X,3,16,17,284.16,318.76,318.51,0.393,-0.05,65.77969231
208,1267,B,32,X,3,19,20,284.19,318.79,318.54,,-0.663,65.79180769
208,1267,B,32,X,3,19,20,284.19,318.79,318.54,,,65.79180769
208,1267,B,32,X,3,22,23,284.22,318.82,318.57,,-0.734,65.80392308
208,1267,B,32,X,3,22,23,284.22,318.82,318.57,,,65.80392308
208,1267,B,32,X,3,25,26,284.25,318.85,318.6,,,65.81394118
208,1267,B,32,X,3,25,26,284.25,318.85,318.6,0.325,-0.431,65.81394118
208,1267,B,32,X,3,25,26,284.25,318.85,318.6,0.32,-0.493,65.81394118
208,1267,B,32,X,3,25,26,284.25,318.85,318.6,,,65.81394118
208,1267,B,32,X,3,28,29,284.28,318.88,318.63,0.674,-0.453,65.81976471
208,1267,B,32,X,3,28,29,284.28,318.88,318.63,0.741,-0.284,65.81976471
208,1267,B,32,X,3,32,33,284.32,318.92,318.67,1.212,0.113,65.82752941
208,1267,B,32,X,3,32,33,284.32,318.92,318.67,1.055,-0.52,65.82752941
208,1267,B,32,X,3,32,33,284.32,318.92,318.67,,,65.82752941
208,1267,B,32,X,3,35,36,284.35,318.95,318.7,1.098,-0.357,65.83335294
208,1267,B,32,X,3,35,36,284.35,318.95,318.7,1.158,-0.416,65.83335294
208,1267,B,32,X,3,35,36,284.35,318.95,318.7,1.08,-0.482,65.83335294
208,1267,B,32,X,3,38,39,284.38,318.98,318.73,1.028,-0.189,65.83917647
208,1267,B,32,X,3,41,42,284.41,319.01,318.76,1.235,-0.359,65.845
208,1267,B,32,X,3,41,42,284.41,319.01,318.76,1.182,-0.424,65.845
208,1267,B,32,X,3,44,45,284.44,319.04,318.79,1.086,-0.406,65.85082353
208,1267,B,32,X,3,44,45,284.44,319.04,318.79,1.196,-0.44,65.85082353
208,1267,B,32,X,3,47,48,284.47,319.07,318.82,1.256,-0.387,65.85664706
208,1267,B,32,X,3,47,48,284.47,319.07,318.82,1.259,-0.378,65.85664706
208,1267,B,32,X,3,52,53,284.52,319.12,318.87,1.376,-0.302,65.86635294
208,1267,B,32,X,3,52,53,284.52,319.12,318.87,1.363,-0.304,65.86635294
208,1267,B,32,X,3,55,56,284.55,319.15,318.9,1.46,-0.178,65.87217647
208,1267,B,32,X,3,58,59,284.58,319.18,318.93,1.413,-0.347,65.878
208,1267,A,31,X,2,32,34,284.62,319.22,318.97,1.288,-0.303,65.88576471
208,1267,B,32,X,3,62,63,284.62,319.22,318.97,1.462,-0.181,65.88576471
208,1267,B,32,X,3,65,66,284.65,319.25,319,1.541,-0.103,65.89158824
208,1267,B,32,X,3,65,66,284.65,319.25,319,1.545,-0.098,65.89158824
208,1267,B,32,X,3,68,69,284.68,319.28,319.03,1.484,-0.277,65.89741176
208,1267,B,32,X,3,68,69,284.68,319.28,319.03,1.466,0.057,65.89741176
208,1267,B,32,X,3,73,74,284.73,319.33,319.08,1.508,-0.25,65.90711765
208,1267,B,32,X,3,73,74,284.73,319.33,319.08,1.575,-0.203,65.90711765
208,1267,B,32,X,3,76,77,284.76,319.36,319.11,1.564,-0.106,65.91245614
208,1267,B,32,X,3,76,77,284.76,319.36,319.11,1.536,-0.166,65.91245614
208,1267,B,32,X,3,79,80,284.79,319.39,319.14,1.591,-0.167,65.91682456
208,1267,B,32,X,3,79,80,284.79,319.39,319.14,1.636,-0.172,65.91682456
208,1267,B,32,X,3,82,83,284.82,319.42,319.17,1.654,-0.043,65.92119298
208,1267,B,32,X,3,82,83,284.82,319.42,319.17,1.62,0.346,65.92119298
208,1267,B,32,X,3,85,86,284.85,319.45,319.2,1.515,-0.344,65.9255614
208,1267,B,32,X,3,88,89,284.88,319.48,319.23,1.547,-0.285,65.92992982
208,1267,B,32,X,3,88,89,284.88,319.48,319.23,1.647,-0.279,65.92992982
208,1267,B,32,X,3,93,94,284.93,319.53,319.28,1.903,0.243,65.93721053
208,1267,B,32,X,3,96,97,284.96,319.56,319.31,1.855,0.138,65.94157895
208,1267,B,32,X,3,99,100,284.99,319.59,319.34,1.961,0.353,65.94594737
208,1267,B,32,X,3,102,103,285.02,319.62,319.37,2.022,0.222,65.95031579
208,1267,B,32,X,3,105,106,285.05,319.65,319.4,1.976,0.098,65.95468421
208,1267,B,32,X,3,105,106,285.05,319.65,319.4,2.092,0.123,65.95468421
208,1267,B,32,X,3,108,109,285.08,319.68,319.43,2.184,-0.049,65.95905263
208,1267,B,32,X,3,108,109,285.08,319.68,319.43,2.287,-0.024,65.95905263
208,1267,B,32,X,4,1,2,285.11,319.71,319.46,2.56,-0.212,65.96342105
208,1267,B,32,X,4,1,2,285.11,319.71,319.46,2.569,-0.145,65.96342105
208,1267,B,32,X,4,3,4,285.13,319.73,319.48,2.732,0.004,65.96633333
208,1267,B,32,X,4,3,4,285.13,319.73,319.48,2.744,-0.074,65.96633333
208,1267,B,32,X,4,5,6,285.15,319.75,319.5,2.419,0.17,65.96924561
208,1267,B,32,X,4,5,6,285.15,319.75,319.5,2.108,0.044,65.96924561
208,1267,B,32,X,4,7,8,285.17,319.77,319.52,2.685,0.217,65.97215789
208,1267,B,32,X,4,7,8,285.17,319.77,319.52,2.629,0.111,65.97215789
208,1267,B,32,X,4,9,10,285.19,319.79,319.54,2.248,0.443,65.97507018
208,1267,B,32,X,4,9,10,285.19,319.79,319.54,2.135,0.58,65.97507018
208,1267,B,32,X,4,11,12,285.21,319.81,319.56,2.058,0.156,65.97798246
208,1267,B,32,X,4,11,12,285.21,319.81,319.56,2.042,0.106,65.97798246
208,1267,B,32,X,4,13,14,285.23,319.83,319.58,2.072,0.28,65.98089474
208,1267,B,32,X,4,13,14,285.23,319.83,319.58,2.1,0.347,65.98089474
208,1267,B,32,X,4,15,16,285.25,319.85,319.6,2.117,0.336,65.98380702
208,1267,B,32,X,4,15,16,285.25,319.85,319.6,2.076,0.415,65.98380702
208,1267,B,32,X,4,17,18,285.27,319.87,319.62,2.186,0.416,65.9867193
208,1267,B,32,X,4,17,18,285.27,319.87,319.62,2.147,0.443,65.9867193
208,1267,B,32,X,4,19,20,285.29,319.89,319.64,2.249,0.411,65.98963158
208,1267,B,32,X,4,19,20,285.29,319.89,319.64,2.322,0.324,65.98963158
208,1267,B,32,X,4,21,22,285.31,319.91,319.66,1.981,0.095,65.99254386
208,1267,B,32,X,4,21,22,285.31,319.91,319.66,1.938,0.109,65.99254386
208,1267,B,32,X,4,23,24,285.33,319.93,319.68,2.072,0.269,65.99456
208,1267,B,32,X,4,23,24,285.33,319.93,319.68,2.017,0.25,65.99456
208,1267,B,32,X,4,25,26,285.35,319.95,319.7,2.159,0.442,65.99568
208,1267,B,32,X,4,27,28,285.37,319.97,319.72,1.975,0.101,65.9968
208,1267,B,32,X,4,27,28,285.37,319.97,319.72,2.024,0.107,65.9968
208,1267,B,32,X,4,29,30,285.39,319.99,319.74,2.272,0.612,65.99792
208,1267,B,32,X,4,29,30,285.39,319.99,319.74,2.179,0.566,65.99792
208,1267,B,32,X,4,31,32,285.41,320.01,319.76,2.256,0.616,65.99904
208,1267,B,32,X,4,31,32,285.41,320.01,319.76,2.246,0.759,65.99904
208,1267,B,32,X,4,33,34,285.43,320.03,319.78,2.236,0.563,66.00016
208,1267,B,32,X,4,35,36,285.45,320.05,319.8,2.122,0.554,66.00128
208,1267,B,32,X,4,37,38,285.47,320.07,319.82,2.155,0.457,66.0024
208,1267,B,32,X,4,39,40,285.49,320.09,319.84,2.236,0.474,66.00352
208,1267,B,32,X,4,41,42,285.51,320.11,319.86,2.046,0.445,66.00464
208,1267,B,32,X,4,41,42,285.51,320.11,319.86,2.184,0.442,66.00464
208,1267,B,32,X,4,41,42,285.51,320.11,319.86,1.997,0.32,66.00464
208,1267,B,32,X,4,43,44,285.53,320.13,319.88,2.242,0.638,66.00576
208,1267,B,32,X,4,45,46,285.55,320.15,319.9,2.372,0.585,66.00688
208,1267,B,32,X,4,45,46,285.55,320.15,319.9,2.309,0.58,66.00688
208,1267,B,32,X,4,47,48,285.57,320.17,319.92,2.261,0.655,66.008
208,1267,B,32,X,4,49,50,285.59,320.19,319.94,2.192,0.521,66.00912
208,1267,A,31,X,3,32,34,285.62,320.2,319.94,2.261,0.695,66.00912
208,1267,B,32,X,4,52,53,285.62,320.22,319.97,2.351,0.608,66.0108
208,1267,B,32,X,4,54,55,285.64,320.24,319.99,2.181,0.596,66.01192
208,1267,B,32,X,4,56,57,285.66,320.26,320.01,2.34,0.769,66.01304
208,1267,B,32,X,4,58,59,285.68,320.28,320.03,2.279,0.693,66.01416
208,1267,B,32,X,4,60,61,285.7,320.3,320.05,2.317,0.592,66.01528
208,1267,B,32,X,4,62,63,285.72,320.32,320.07,2.132,0.364,66.0164
208,1267,B,32,X,4,64,65,285.74,320.34,320.09,2.109,-0.326,66.01752
208,1267,B,32,X,4,66,67,285.76,320.36,320.11,2.598,-0.2,66.01864
208,1267,B,32,X,4,68,69,285.78,320.38,320.13,2.6,-0.392,66.01976
208,1267,B,32,X,4,70,71,285.8,320.4,320.15,2.946,-0.19,66.02088
208,1267,B,32,X,4,72,73,285.82,320.42,320.17,3.004,-0.185,66.022
208,1267,B,32,X,4,74,75,285.84,320.44,320.19,3.027,-0.204,66.02278985
208,1267,B,32,X,4,76,77,285.86,320.46,320.21,2.82,-0.278,66.02357971
208,1267,B,32,X,4,76,77,285.86,320.46,320.21,2.629,-0.163,66.02357971
208,1267,B,32,X,4,77,78,285.87,320.47,320.22,2.787,-0.3,66.02397463
208,1267,B,32,X,4,78,79,285.88,320.48,320.23,2.654,-0.21,66.02436956
208,1267,B,32,X,4,79,80,285.89,320.49,320.24,2.536,-0.254,66.02476449
208,1267,B,32,X,4,79,80,285.89,320.49,320.24,2.567,-0.154,66.02476449
208,1267,B,32,X,4,80,81,285.9,320.5,320.25,2.357,-0.122,66.02515941
208,1267,B,32,X,4,80,81,285.9,320.5,320.25,2.666,-0.119,66.02515941
208,1267,B,32,X,4,81,82,285.91,320.51,320.26,2.977,-0.1,66.02555434
208,1267,B,32,X,4,83,84,285.93,320.53,320.28,3.274,-0.134,66.02634419
208,1267,B,32,X,4,85,86,285.95,320.55,320.3,3.325,-0.117,66.02713405
208,1267,B,32,X,4,85,86,285.95,320.55,320.3,3.265,0.117,66.02713405
208,1267,B,32,X,4,87,88,285.97,320.57,320.32,3.018,-0.326,66.0279239
208,1267,B,32,X,4,89,90,285.89,320.59,320.34,3.224,0.075,66.02871376
208,1267,B,32,X,4,91,92,286.01,320.61,320.36,3.334,-0.157,66.02950361
208,1267,B,32,X,4,93,94,286.03,320.63,320.38,3.33,-0.144,66.03029346
208,1267,B,32,X,4,95,96,286.05,320.65,320.4,3.354,-0.174,66.03108332
208,1267,B,32,X,4,95,96,286.05,320.65,320.4,3.299,-0.03,66.03108332
208,1267,B,32,X,4,97,98,286.07,320.67,320.42,3.292,0.175,66.03187317
208,1267,B,32,X,4,99,100,286.09,320.69,320.44,3.327,-0.215,66.03266302
208,1267,B,32,X,4,101,102,286.11,320.71,320.46,3.338,-0.186,66.03345288
208,1267,B,32,X,4,103,104,286.13,320.73,320.48,3.292,-0.177,66.03424273
208,1267,B,32,X,4,105,106,286.15,320.75,320.5,3.298,-0.128,66.03503258
208,1267,B,32,X,4,107,108,286.17,320.77,320.52,3.282,-0.135,66.03582244
208,1267,B,32,X,4,109,110,286.19,320.79,320.54,3.291,-0.17,66.03661229
208,1267,B,32,X,4,111,112,286.21,320.81,320.56,3.329,-0.046,66.03740214
208,1267,B,32,X,4,113,114,286.23,320.83,320.58,3.175,0.038,66.038192
208,1267,B,32,X,4,113,114,286.23,320.83,320.58,3.251,0.011,66.038192
208,1267,B,32,X,4,115,116,286.25,320.85,320.6,3.301,-0.071,66.03898185
208,1267,B,32,X,4,117,118,286.27,320.87,320.62,3.308,0.014,66.0397717
208,1267,B,32,X,4,119,120,286.29,320.89,320.64,3.259,0.001,66.04056156
208,1267,B,32,X,4,122,123,286.32,320.92,320.67,3.135,-0.447,66.04174634
208,1267,B,32,X,4,124,125,286.34,320.94,320.69,3.22,0.088,66.04253619
208,1267,B,32,X,4,126,127,286.36,320.96,320.71,3.193,-0.084,66.04332605
208,1267,B,32,X,4,128,129,286.38,320.98,320.73,3.217,-0.024,66.0441159
208,1267,B,32,X,4,130,131,286.4,321,320.75,3.194,-0.076,66.04490575
208,1267,B,32,X,4,132,133,286.42,321.02,320.77,3.051,-0.021,66.04569561
208,1267,B,32,X,4,132,133,286.42,321.02,320.77,3.059,-0.019,66.04569561
208,1267,B,32,X,4,132,133,286.42,321.02,320.77,,,66.04569561
208,1267,B,32,X,4,134,135,286.44,321.04,320.79,3.112,-0.086,66.04648546
208,1267,B,32,X,4,136,137,286.46,321.06,320.81,3.117,-0.01,66.04727531
208,1267,B,32,X,4,138,139,286.48,321.08,320.83,3.104,-0.082,66.04806517
208,1267,B,32,X,4,140,141,286.5,321.1,320.85,3.12,-0.01,66.04885502
208,1267,B,32,X,4,142,143,286.52,321.12,320.87,3.06,0.053,66.04964487
208,1267,B,32,X,4,144,145,286.54,321.14,320.89,3.098,-0.096,66.05043473
208,1267,B,32,X,4,146,147,286.56,321.16,320.91,3.086,-0.004,66.05122458
208,1267,B,32,X,4,148,149,286.58,321.18,320.93,3.104,0.039,66.05201443
208,1267,B,32,X,5,2,3,286.62,321.22,320.97,2.886,-0.126,66.05359414
208,1267,B,32,X,5,2,3,286.62,321.22,320.97,3.145,-0.081,66.05359414
208,1267,B,32,X,5,5,6,286.65,321.25,321,3.127,-0.015,66.05477892
208,1267,B,32,X,5,8,9,286.68,321.28,321.03,3.115,-0.097,66.0559637
208,1267,B,32,X,5,11,12,286.71,321.31,321.06,3.121,-0.135,66.05714848
208,1267,B,32,X,5,14,15,286.74,321.34,321.09,3.085,0.018,66.05833326
208,1267,B,32,X,5,17,18,286.77,321.37,321.12,3.101,-0.043,66.05951804
208,1267,B,32,X,5,20,21,286.8,321.4,321.15,3.051,-0.101,66.06070282
208,1267,B,32,X,5,23,24,286.83,321.43,321.18,3.091,-0.072,66.0618876
208,1267,B,32,X,5,26,27,286.86,321.46,321.21,3.048,-0.133,66.06307238
208,1267,B,32,X,5,29,30,286.89,321.49,321.24,3.064,-0.033,66.06425716
208,1267,B,32,X,5,32,33,286.92,321.52,321.27,3.06,-0.036,66.06544195
208,1267,B,32,X,5,32,33,286.92,321.52,321.27,2.961,0.048,66.06544195
208,1267,B,32,X,5,35,36,286.95,321.55,321.3,3.042,0.072,66.06662673
208,1267,B,32,X,5,38,39,286.98,321.58,321.33,3.078,-0.056,66.06781151
208,1267,B,32,X,5,41,42,287.01,321.61,321.36,3.054,0.021,66.06899629
208,1267,B,32,X,5,44,45,287.04,321.64,321.39,3.091,-0.04,66.07018107
208,1267,B,32,X,5,47,48,287.07,321.67,321.42,3.102,-0.026,66.07136585
208,1267,B,32,X,5,50,51,287.1,321.7,321.45,3.116,0.012,66.07255063
208,1267,A,31,X,4,32,34,287.12,321.72,321.46,3.062,-0.016,66.07294555
208,1267,B,32,X,5,53,54,287.13,321.73,321.48,3.115,0.082,66.07373541
208,1267,B,32,X,5,56,57,287.16,321.76,321.51,3.034,-0.098,66.07492019
208,1267,B,32,X,5,59,60,287.19,321.79,321.54,2.97,-0.14,66.07610497
208,1267,B,32,X,5,59,60,287.19,321.79,321.54,3.128,-0.093,66.07610497
208,1267,B,32,X,5,62,63,287.22,321.82,321.57,3.113,-0.09,66.07728975
208,1267,A,31,X,4,68,69,287.28,321.88,321.63,3.138,-0.059,66.07965931
208,1267,A,31,X,4,71,72,287.31,321.91,321.66,3.044,-0.204,66.08084409
208,1267,A,31,X,4,74,75,287.34,321.94,321.69,3.034,-0.163,66.08202887
208,1267,A,31,X,4,77,78,287.57,321.97,321.7,2.999,-0.171,66.0824238
208,1267,A,31,X,4,79,80,287.59,321.99,321.72,2.671,-0.009,66.08321365
208,1267,A,31,X,4,80,81,287.6,322,321.73,3.053,-0.055,66.08360858
208,1267,A,31,X,4,83,84,287.63,322.03,321.76,3.066,-0.013,66.08479336
208,1267,A,31,X,4,86,87,287.66,322.06,321.79,2.993,-0.097,66.08597814
208,1267,A,31,X,4,90,91,287.7,322.1,321.83,2.99,-0.228,66.08755784
208,1267,A,31,X,4,93,94,287.73,322.13,321.86,2.91,0.028,66.08874262
208,1267,A,31,X,4,96,97,287.76,322.16,321.89,2.939,-0.143,66.08992741
208,1267,A,31,X,4,99,100,287.79,322.19,321.92,2.926,0.005,66.09111219
208,1267,A,31,X,4,102,103,287.82,322.22,321.95,2.871,-0.148,66.09229697
208,1267,A,31,X,4,105,106,287.85,322.25,321.98,2.961,-0.107,66.09348175
208,1267,A,31,X,4,108,109,287.88,322.28,322.01,2.896,0.003,66.09466653
208,1267,A,31,X,4,111,112,287.91,322.31,322.04,3.011,-0.114,66.09599839
208,1267,A,31,X,4,111,112,287.91,322.31,322.04,2.764,-0.407,66.09599839
208,1267,A,31,X,4,114,115,287.94,322.34,322.07,3.051,-0.216,66.09762443
208,1267,A,31,X,4,117,118,287.97,322.37,322.1,3.108,-0.22,66.09925046
208,1267,A,31,X,4,120,121,288,322.4,322.13,3.26,-0.179,66.1008765
208,1267,A,31,X,4,123,124,288.03,322.43,322.16,3.272,-0.259,66.10250253
208,1267,A,31,X,4,126,127,288.06,322.46,322.19,3.23,-0.293,66.10412857
208,1267,A,31,X,4,129,130,288.09,322.49,322.22,3.201,-0.315,66.1057546
208,1267,A,31,X,4,132,133,288.12,322.52,322.25,3.176,-0.233,66.10738064
208,1267,A,31,X,4,135,136,288.15,322.55,322.28,3.092,-0.314,66.10900667
208,1267,A,31,X,4,138,139,288.18,322.58,322.31,3.118,-0.152,66.11063271
208,1267,A,31,X,4,141,142,288.21,322.61,322.34,3.051,-0.181,66.11225874
208,1267,A,31,X,4,141,142,288.21,322.61,322.34,3.142,-0.453,66.11225874
208,1267,A,31,X,4,144,145,288.24,322.64,322.37,2.977,-0.192,66.11388478
208,1267,A,31,X,4,147,148,288.27,322.67,322.4,3.001,-0.184,66.11551081
